date,ticker,company,headline,source,url,raw_source,relevance_level,use_in_model,event_type,notes
2026-04-23,AAL,American Airlines,American Airlines reports first-quarter 2026 financial results - American Airlines Newsroom,American Airlines Newsroom,https://news.google.com/rss/articles/CBMiyAFBVV95cUxOUzV0S3FySkxHaGtoMU5fLVp1SFZmaFh5NUlKZk03OUNrUXNYMkp0alIwNlJRME1SdXNoV0VPX09MNS0xTFAzVlVVN3UyaENZUEpqeWEyZ3JzbXd1LUppamE3Ymc5cjl5RjB2QW5pYlJTLWh4UG5Td3pBcFNvSVB2YVRac21CUktQejQ4VlI3MHA4VmlPM1M5QnVEQVVZSWJPVmxXNlpwLVUtWHVuWXU4Zm41X1FhSUttOF96R1BEcEpuendQQVZDYw?oc=5,Google News RSS,noise,no,irrelevant,Anuncio genérico sin número ni dirección. FinBERT no extrae señal.
2026-04-23,AAL,American Airlines,"American Airlines Cuts Guidance, Flags $4 Billion Jet Fuel Hit. Why the Stock Is Rising After Earnings. - Barron's",Barron's,https://news.google.com/rss/articles/CBMihwFBVV95cUxNVTlzREd1bDJNN2JFX25pQnhyNjNBXzlUWW03V1ZHMFZ5N2ZIYm5qaE1CZ1RMVDY0MlA4c251V1p3X3U5TnJ1d2FpeTZMc1ctbm5tZkQ2SnF5dzY0RHJ0SU5WVG5SRnBkdHVycUlzUDM4djVFbzRCM3hqbmRtZGtoTWFUVXFCenM?oc=5,Google News RSS,direct,no,fuel_cost,"LEAKAGE: headline contiene ""Why the Stock Is Rising After Earnings"" — revela retorno posterior al evento."
2026-05-15,AAL,American Airlines,"Airlines tackle fuel cost surge with price hikes, outlook cuts - Reuters",Reuters,https://news.google.com/rss/articles/CBMivAFBVV95cUxPcVFyT1VQMXJxcEpmZmlhSHBuVVRCQ2NNajF3SHV3R1I5Yk9TNUZScUVzZmlCYmt6dXAyREVVRzRLRklvVFVBY3J4aGo1NHUyellvZkNscFRRZlF6QkxyaDFpRVk5eEg5ZGYtTi1UTFJyeHBmdUl0Zk4xWGR5bzE1VnVxLTEzOEFFTE9wZzYyMWNXNUw5MkJRMXhRQjJtUVhMMG1HRGRMMmFJZ0NYUzloNTJOWDBSTk5CRXBVRA?oc=5,Google News RSS,sector,yes,fuel_cost,"Artículo sectorial Reuters: ""Airlines"" plural — ninguna aerolínea específica nombrada en headline."
2026-04-23,AAL,American Airlines,"American Airlines Tops Views, Cuts Outlook On $4 Bil Fuel Cost Hit - Investor's Business Daily",Investor's Business Daily,https://news.google.com/rss/articles/CBMiwgFBVV95cUxOZDJxUktLN0dqZW1LR29WTmZ1RU52ek1UNXRVSERuYlVxVTZrZGRYWlE0d0dPQlphYWxObW9helE2a3RUUGlodU1jUlM2MlRxM2FYY1hHUEZZX2I4MlVaLWdOd0RnaFRtN3hYYm90U2l1VndBQ0FieEpDNzFqUGFpN2ZXdlBDT3ZNQzI1Rk1QWXBGRXVTVjFxVzFWbExFZTg1RnJNbHpFOXhYNWNKUzhEc1JrdS03VlRVaVZXY1hEWTZSdw?oc=5,Google News RSS,direct,yes,fuel_cost,AAL nombrada. Señal doble: beat de estimados + guidance cut por fuel. Cuantificado: $4 Bil.
2026-04-23,AAL,American Airlines,American Airlines Cuts 2026 Profit Guidance on High Jet Fuel Prices - Skift,Skift,https://news.google.com/rss/articles/CBMikgFBVV95cUxNb0VnUl9zd3NQTTRfX09GVEFxZGdEOTNfZzJpbkxJcUtmNUpUbW1JU1JsTkkyV0czX21UaDBaRkhELUptdy00bmZ1eHUySGZHNjZBR2UwdUV1U05qMUJmTzlGcVVpbGotY1hXOElnS3M0ZGZqdExTWHFhYmJLb2lYTGlFemg0dTJwS1RMZVlZcEVfQQ?oc=5,Google News RSS,direct,yes,fuel_cost,"AAL nombrada. Driver explícito de guidance cut: ""High Jet Fuel Prices""."
2026-03-17,AAL,American Airlines,"Airlines raise revenue guidance despite rising fuel costs, citing growth in demand - CNBC",CNBC,https://news.google.com/rss/articles/CBMidEFVX3lxTFBDR1V3Q3VsVkNiYzNBcVpKVXFuOWVTVzJ0d3daNGkwZ0tCNUNQLUFBS2NuZ09QVHZoTlM5akVLcWtqNHpqY0p5S3JlLU5DVHF5R05yYlFBVHFLNkliUjhYRTVOS044TkptbjREa3R3bnB2MUV40gF6QVVfeXFMUFdmd3Y4ZmlpTEFKRGE5dFZrYUhYT3NTc3JMQXN3NWNDS3RockpacEdUSDlGdDJjYzljMDA5Mzc4NXJ5UHpuRzNPbTVzN2V3dUw5MmJfMkRpX2V4MFFsQTBNUFUxMU91VlJfazc2aG1fdFJLMnJnTUQyZFE?oc=5,Google News RSS,sector,yes,guidance,"Artículo sectorial CNBC: ""Airlines"" plural. Acción: alza de revenue guidance pese a fuel. Sin nombrar a AAL."
2026-04-23,AAL,American Airlines,American Airlines says soaring price of jet fuel will cost it $4bn this year - The Guardian,The Guardian,https://news.google.com/rss/articles/CBMimwFBVV95cUxPTWlWT21ZanJlOTFjRTc2dHBwb3Y0NVdKLVNqNEx5ZW9HdUNEbXdNcXRUUGNPdzhzV3Y5am5KZVRmTDhjX2pnblV6Z3VCaFp0SHRucDY2TWxXUW1KRm9SLS1QUlA1SF90WUdPVFRwQ185RjAxeXlFdjNpeUMydmUtUlE4ODk5dzk1RXRlSmpwdjRFdVNWVlB4TktOcw?oc=5,Google News RSS,direct,yes,fuel_cost,AAL nombrada directamente. Impacto cuantificado: $4bn en costo de combustible este año.
2026-04-23,AAL,American Airlines,"AAL Q1 Deep Dive: Premium Product and Loyalty Drive Revenue, Guidance Cut on Fuel and Cost Pressures - TradingView",TradingView,https://news.google.com/rss/articles/CBMi8AFBVV95cUxPNTVyYThJOGdlUl9lNENRVjltNWhRSml2NGVfLVNhRkJTWUlqNmNRNWtQRzZBTWU0Q25Zd0VmaXhlUlZSQzEtY0UtY1lpd195Q2tpa1c5Ti1sVm00cEx6SWFPWW5UcmtnSXNiSUJ4NkhialFjWUZvUTJhWTBVUTNrOHktTFpDQ0lrRHJsQ1FOMWdYUXJoZkp0RklaRnBCY1JqYW9JZDlsckZRT2xRWVZBbV9ON0RTNWhMNDFuVUZyUnlmcnhuMjFicmFWMm5Sb0dFNlAyYW15bkUxNkRKYUw0enBGOTBBTmRyVk1pR2hJSGo?oc=5,Google News RSS,direct,yes,earnings,"AAL nombrada. Deep dive Q1: premium revenue, loyalty, guidance cut por fuel y costos."
2026-04-23,AAL,American Airlines,American Airlines cuts profit outlook after Iran war spikes fuel prices - Washington Examiner,Washington Examiner,https://news.google.com/rss/articles/CBMitAFBVV95cUxORlFMclV5SlFuRHNSTXFaTUJwdTVVZVBfVEF5UW1yTWt0VmZGQ0pXbkNrdnVLUlk2LXVtRWNjZmwtc2FQNEFicE8wUmd6bGhiZXhzSVVhLWhzOF90bGRIZXJsSmFsQk1SUTdVb0xZRTdJN0hMSUx4eFpUWktUdXM1b2pXTzFJMGVXZEdDSi1TRVhNRFBscGN2eFNKNWY3WlJ0d2U4bndpMWRlRWNMZXB1Q0lOOTk?oc=5,Google News RSS,direct,yes,guidance,AAL nombrada. Acción: corte de profit outlook (forward-looking). Driver: guerra de Irán → fuel.
2026-05-20,DAL,Delta Airlines,Berkshire Hathaway Picks a Massive $2 Billion Stake in Delta Air Lines - TIKR.com,TIKR.com,https://news.google.com/rss/articles/CBMiqAFBVV95cUxNaFZXYjBBUy0wYWl3MU1Xd05DbU4wbzcycDJvR2pkekpJbEFQZlMzWUJmZGxVXzBEN1ExVVhySkU5WUdweTM5NHNqZnZhYjdRUnFNUnlZNHBrQkpwNThGOTlacGVQLTh1NVhyNEFqcUxCSkFKQ1NVVUU5aWFlcGZ3TmdyWkp4dU5uMTZqOU9tSjEzT01ubmVINXpFc3dsRWdzNjhKMU1YbDA?oc=5,Google News RSS,direct,yes,institutional_investment,DAL nombrada directamente. Berkshire toma participación de $2B — mayor evento de señal institucional del dataset.
2026-04-08,DAL,Delta Airlines,Delta Air Lines announces March quarter 2026 financial results - Delta News Hub,Delta News Hub,https://news.google.com/rss/articles/CBMijgFBVV95cUxOQ0FwaDhYWnVyX3JLWXI3NllKQmNBYWJIaWw0UVo3OVlHNWF2T1pnbTNKZUVOUmlGbFNrbmtVTlhjUkNfZ1NOU3NYektXSEFqYk5MRjk5Uy1BblNCVkRTX2NvU2ZrSFRSTEtpb2xBaTc1cFdoSTcyZkxGRzh1c1pfc2kxQ21NZjkwYjRDQ05R?oc=5,Google News RSS,noise,no,irrelevant,"Anuncio genérico ""announces financial results"" sin número ni dirección. FinBERT no extrae señal."
2026-04-08,DAL,Delta Airlines,Delta Air Lines Announces March Quarter 2026 Financial Results - PR Newswire,PR Newswire,https://news.google.com/rss/articles/CBMiugFBVV95cUxQVTd2b09Jd2lkNTBkNzNzUnVqTUdFSjR6SkhMLVhGbllpWjB0Q0psSlRzYzY3S2htMGV6NGt2eXVxRzJtRE1CRzFIYnRveHZYMU82Mkg3akxRWVR5M3pFb2lOVVE5Sl9sMjY3Q3pYZjNWUkRtSGVKbG5QUXhXZkdHTGt0XzloUGVZUW1lWmJsRFFibmRPakJ4UHUtR3J3bVFyVnU1clFKeTBocXRQSktiU0x3N3N6NFhUU1E?oc=5,Google News RSS,noise,no,irrelevant,Mismo patrón que row 10. PR Newswire repite el anuncio sin agregar número ni dirección.
2026-04-07,DAL,Delta Airlines,"Delta Earnings: Fuel Costs, Refinery Edge and the Guidance Number That Matters - tastylive",tastylive,https://news.google.com/rss/articles/CBMitwFBVV95cUxPMTMzSGQwdFF4aDIyS1RMZWNGNUN0eE5ZZnNuY1pBSW5CQktLVVhGVTNHT3RMWFFGM0RMaThhSkVnb0s2UjFzQ2QxZ09DWnBIbk1EMV85bUdmUnNuSXl4WlQ0ZmdEeXdIQUlnb09OMVk1RG55Q1JWS245VjFfSllCc2I0cVlOcEJIaElKVzJQa2pwUnRVX1RDeHJqMnpKYXFIdU1tX3FseG9ZUmlOME9QcUJJQUZMbnM?oc=5,Google News RSS,direct,yes,earnings,"DAL nombrada. Análisis específico: fuel costs, refinery edge y el número de guidance que importa."
2026-03-17,DAL,Delta Airlines,"Airlines raise revenue guidance despite rising fuel costs, citing growth in demand - CNBC",CNBC,https://news.google.com/rss/articles/CBMidEFVX3lxTFBDR1V3Q3VsVkNiYzNBcVpKVXFuOWVTVzJ0d3daNGkwZ0tCNUNQLUFBS2NuZ09QVHZoTlM5akVLcWtqNHpqY0p5S3JlLU5DVHF5R05yYlFBVHFLNkliUjhYRTVOS044TkptbjREa3R3bnB2MUV40gF6QVVfeXFMUFdmd3Y4ZmlpTEFKRGE5dFZrYUhYT3NTc3JMQXN3NWNDS3RockpacEdUSDlGdDJjYzljMDA5Mzc4NXJ5UHpuRzNPbTVzN2V3dUw5MmJfMkRpX2V4MFFsQTBNUFUxMU91VlJfazc2aG1fdFJLMnJnTUQyZFE?oc=5,Google News RSS,sector,yes,guidance,"Artículo CNBC sectorial: ""Airlines"" plural. Mismo artículo que rows 5 (AAL) y 44 (JBLU). DAL no nombrada."
2026-04-23,AAL,American Airlines,"American Airlines Cuts Guidance, Flags $4 Billion Jet Fuel Hit. Why the Stock Is Rising After Earnings. - Barron's",Barron's,https://news.google.com/rss/articles/CBMihwFBVV95cUxNVTlzREd1bDJNN2JFX25pQnhyNjNBXzlUWW03V1ZHMFZ5N2ZIYm5qaE1CZ1RMVDY0MlA4c251V1p3X3U5TnJ1d2FpeTZMc1ctbm5tZkQ2SnF5dzY0RHJ0SU5WVG5SRnBkdHVycUlzUDM4djVFbzRCM3hqbmRtZGtoTWFUVXFCenM?oc=5,Google News RSS,noise,no,irrelevant,"TICKER CORREGIDO DAL→AAL. Artículo Barron's sobre AAL mal asignado a DAL. LEAKAGE adicional: ""Why the Stock Is Rising""."
2026-03-17,DAL,Delta Airlines,Strong travel demand lifts US airlines despite fuel price surge - Reuters,Reuters,https://news.google.com/rss/articles/CBMiqAFBVV95cUxNc1FaTG1wSzBSeVE1RHNMbDV2NWswYS04ejQxdlpUMEJscGJNa0hUb0llOGtVdVJGSlhZaTdxOG5WTUZMSzRjUWJHa2s2VWNkNXR4cERXQ2lMQzRvRU9JWXAtUGxRXzhXRzNyX1JmaTZkTEVoeVE0dUxGc2FoZUZlbWJOUzFTRHlJa21nZWVYWWUxZ2x1alp3UHd6N051OXZaZWFjZWlNU2M?oc=5,Google News RSS,sector,yes,demand,"Artículo sectorial Reuters sobre demanda de viaje vs fuel. ""US airlines"" plural — DAL no nombrada."
2026-03-17,DAL,Delta Airlines,Airlines Offer Glimpse Into Operations as Middle East Conflict Weighs on Fuel Prices - WSJ,WSJ,https://news.google.com/rss/articles/CBMiwgFBVV95cUxOM0hHSGI1dFIzTUVWZVJIT2pySzhlWnpZN1FkcW1ReFJTVlJWYUc1MExpSnc2cEhpdnk5R21RVXRTQ3d5Mjd4eFlBOVdsSTdyLW9UM0x0TTRSOUFmakVWd1J2Y0R2c291aWY2d2pYRWx2MG1zSHhtS01XZUloT0htWUdRbUpvUjNWWkNNN2xoTjcyNEZOUjE1VzE5a1hiZjhkU20zLTh4ZzdYUFE3RGtQZkdYbVZPNk5KazNWeHhJV01oUQ?oc=5,Google News RSS,sector,yes,war_risk,"Artículo sectorial WSJ: impacto del conflicto de Medio Oriente en operaciones y fuel. ""Airlines"" plural."
2026-03-17,DAL,Delta Airlines,"Delta, American Hike Forecasts; Airlines Rally As Demand Outweighs Fuel Spike - Investor's Business Daily",Investor's Business Daily,https://news.google.com/rss/articles/CBMizwFBVV95cUxNZnRYVHQtdTBfN1p6Z3FKZzRlWDBMZ3J6eE16ci1VVnpRSUYtTndvUDh2Vlh5TDdJLTRoam56aEw5dXkxb3R3b0EtTkpZdWRaRl96eTFNbDluV216blc4akRHZE1PY0ozN21nLXBzUmdfT0xnN0lieWVZYW42QWFkTG1rU0M0d1ZpSGRqWEV1T0N3eDBKQVExbEtOeW00Tm96VkpZT2FSZEFVR2E5SnVWRGhBN05iUkZYSnVwQW1NTUhFZFJLcUNPTURwS08zbGM?oc=5,Google News RSS,direct,yes,guidance,"DAL y AAL nombradas explícitamente. Acción: alza de forecasts. ""Rally"" refiere a demanda operativa, no a precio de acción."
2026-03-17,DAL,Delta Airlines,War & $400M Fuel Hits Can’t Stop Delta and American’s Revenue Surge - Simple Flying,Simple Flying,https://news.google.com/rss/articles/CBMilwFBVV95cUxOVXhCdjN4X000ZktPZWZIRlhoaDZQQW92dE1FZ1FJZWVuQVA1d0NZektIekJfTGNjVjRyV0pOZWh1X3VlQXBDNjEtQ0ktMXlJbWhrRlBTcy0wbWJMc19GdEpGRVNLWWIyTEFkU0NSVTh2NS14bjRFU3VYUmhYUjAwMU1BSHlscDFQVzlLTG9lSUNwWDRNcnE4?oc=5,Google News RSS,direct,yes,fuel_cost,DAL y AAL nombradas. Revenue surge a pesar de guerra ($400M) + fuel. Señal positiva con driver negativo.
2026-04-24,UAL,United Airlines,United Airlines Cuts 2026 Outlook on Higher Fuel Costs - Mexico Business News,Mexico Business News,https://news.google.com/rss/articles/CBMimgFBVV95cUxPSU4xOS11cGxJUXpJQnlESUt3M3NzelRZTHlxRE1RZ2swSlAzSjg4eWg4Sm1nR0FIeWlXbXozdlhpTndBLUNzQTg2MGJ2R2lhbkhLU3ozWVk1ak9Sa2dpbWZHUVRKQmk5UEoxa3ZobGxDMUl3QkI1alRqcjk2UTY3OHpqUWFVVDBOWHU2cE04R1JVQlNsZ2ZzdDVR?oc=5,,direct,yes,fuel_cost,UAL nombrada. Corte de outlook 2026 por higher fuel costs. Señal negativa directa.
2026-05-15,UAL,United Airlines,"Airlines tackle fuel cost surge with price hikes, outlook cuts - Reuters",Reuters,https://news.google.com/rss/articles/CBMivAFBVV95cUxPcVFyT1VQMXJxcEpmZmlhSHBuVVRCQ2NNajF3SHV3R1I5Yk9TNUZScUVzZmlCYmt6dXAyREVVRzRLRklvVFVBY3J4aGo1NHUyellvZkNscFRRZlF6QkxyaDFpRVk5eEg5ZGYtTi1UTFJyeHBmdUl0Zk4xWGR5bzE1VnVxLTEzOEFFTE9wZzYyMWNXNUw5MkJRMXhRQjJtUVhMMG1HRGRMMmFJZ0NYUzloNTJOWDBSTk5CRXBVRA?oc=5,Google News RSS,sector,yes,fuel_cost,"Artículo sectorial Reuters: ""Airlines"" plural. Mismo artículo que rows 2 (AAL) y 41 (JBLU). UAL no nombrada."
2026-04-22,UAL,United Airlines,United Airlines Cuts Guidance Due to Fuel Prices. The Stock Is Rising. - Barron's,Barron's,https://news.google.com/rss/articles/CBMihAFBVV95cUxOWFROMC15SXR6V0oyMHNSWVhCSGxPaElFYTVLZGJEczVhQXBkUTRoLUFOXzlOWE93QW9KdDRObU5zY2cyc3BkWWluWWdqS2pJalpXYy0tck9CNnVGSy1BWUpaRVdfdENQY1hnMlh3U3pROUpLRFlfcENSYk9DUFFMM2o3eW8?oc=5,Google News RSS,direct,no,fuel_cost,"LEAKAGE: ""The Stock Is Rising."" al final del headline revela retorno de mercado post-guidance cut."
2026-04-21,UAL,United Airlines,United Airlines to Reduce Capacity as Fuel Costs Soar - WSJ,WSJ,https://news.google.com/rss/articles/CBMiqAFBVV95cUxPOTV3Z3pfbGFzZ3U5Ny1hNE9kSDEzMjZ4MWg4YU8zQVJ5dWNCLXI4b1l5UG1fVFpyRGNYNC1QLXBJU3NWc1kwUlNiWUtpQ0UzeklBaGtzeHBxQUtoUHJWNVM1Rzd3VWZEQWVzbUVlZ0w4dWVlTTJraEw2UXlhSXUtV09lZGJzc0FKTzM0bGpub0ZxcmVTRWdTYWlQS0JTWFRDTkpCNThPUkQ?oc=5,Google News RSS,direct,yes,fuel_cost,UAL nombrada. Recorte de capacidad como respuesta directa al alza de fuel costs.
2026-04-21,UAL,United Airlines,"United Airlines slashes 2026 forecast as fuel costs surge, but demand remains strong - CNBC",CNBC,https://news.google.com/rss/articles/CBMifkFVX3lxTE1IZnBTNi1HRkZLS3VUSVZNT1JfbHl0YWxZb2VEd0FnQXNfSjd4TlJFR3lLU2JvLW8xejBEOXVGU3Zka3lrZ1VTZXZqXy1rTFBveE52dFNNczdyakpZVGIxWVJJWmRrbHVfS09qdlFTQUh6RkN6Z3RPWFdVa1pod9IBgwFBVV95cUxORVNjTlNFX3FoWG44d0FsRzY3aVZwT0N6eTBTeXczNnE0LUVBenk1NFJPT1poN25tb2Vtc2V1OXQ3ajJWYlV0cklYVjliNDh5RG91RlNGdDZtaU83QUVfTmJnXzlONnlLNWFNeDJlSmt0dnZiWXpCTzE3VDg4eXBVSGV6RQ?oc=5,Google News RSS,direct,yes,fuel_cost,UAL nombrada. Recorte de forecast 2026 por fuel surge. Demanda fuerte como contrapeso positivo.
2026-05-01,UAL,United Airlines,How The United Airlines (UAL) Investment Narrative Is Shifting With Fuel Costs And Guidance - Yahoo Finance,Yahoo Finance,https://news.google.com/rss/articles/CBMiqAFBVV95cUxPcXlRNHA3VGlsWlNheEM0aVRwdGJ4dFpZdUlqVWU5YUFibS1KSEswQ2phTmpVTzNSUlU0M1lBN0xTQ0s0azZwNk8xQWxiWTNJRkYyTTdMMEphT0FKMUptOWtCZWpoRzJnY1hnZmNwT2U1WmxZdjBJeTIxZWxOUFM5anpLWUhrLXQwMjQtQTBQLXYxeVpLRTZsQ3NfZTNnM3BKX3FIRVpjbzE?oc=5,Google News RSS,direct,yes,fuel_cost,UAL nombrada. Narrative shift de la inversión en UAL alrededor de fuel costs y guidance.
2026-05-20,UAL,United Airlines,United Airlines stock (US9100471096): shares retreat as fuel-cost worries hit airline sector - AD HOC NEWS,AD HOC NEWS,https://news.google.com/rss/articles/CBMiyAFBVV95cUxQOVNtN1N6LTRJWE94QnZmS2dxa1RsWXptOEVmWHFuUUR2b3RqN256cm5MWUFMc0FTaERVNE5PWGRWMGt6YnUzZHdPMUhJODRuaXJqRVZVcFlBRlF1UXpoX3NNTWpOa2pKVzdQS3RRZGRlOFhWWi1yd3AtdUtqSWdBT1BkMndUNTRRdTJxeWRIdlNrbmtLUmg0Qm5XUmV4TWFkX2FjdGxYa3hvN2ZweUxkcl9lVWNJRFNKWXpDemQ2aUJiVWx6U3JHVg?oc=5,Google News RSS,direct,no,irrelevant,"LEAKAGE: ""shares retreat"" describe explícitamente movimiento de precio de acción en el headline."
2026-04-24,UAL,United Airlines,United Airlines Cuts 2026 Outlook on Higher Fuel Costs - Mexico Business News,Mexico Business News,https://news.google.com/rss/articles/CBMimgFBVV95cUxPSU4xOS11cGxJUXpJQnlESUt3M3NzelRZTHlxRE1RZ2swSlAzSjg4eWg4Sm1nR0FIeWlXbXozdlhpTndBLUNzQTg2MGJ2R2lhbkhLU3ozWVk1ak9Sa2dpbWZHUVRKQmk5UEoxa3ZobGxDMUl3QkI1alRqcjk2UTY3OHpqUWFVVDBOWHU2cE04R1JVQlNsZ2ZzdDVR?oc=5,Google News RSS,direct,no,fuel_cost,"DUPLICADO exacto de row 19: mismo ticker UAL, misma fuente Mexico Business News, mismo headline."
2026-04-22,UAL,United Airlines,"United Tops Views, Plans To Cut Capacity Amid Fuel Price Surge. Alaska Air Earnings Mixed. - Investor's Business Daily",Investor's Business Daily,https://news.google.com/rss/articles/CBMi3gFBVV95cUxPVkJ5MHpkZ2VFYjlTWEJCcTFhM21Tb1Y4RWZoNHhWcGh4eTViRk9jYVZjRmRTX0YwQm9GUnZ5ZGRGRmlXak5UWWpUS1NHYWdrbWFQbk1XSU1PQ3BnbG05S0M5ZWJZbGVwM1FITk9NSTJuaWlRWWtyVUxLa2VKTDZ3RHZCSFJBenRiRWp6UG5kaWhDRVJ0NGM5eTk5enlZaE40dFpFVHRmdFlfRTF2M0w5VXZUemFjOEU4MFo1Q3VBbjhwNzhvQ2h6VnlXLWxSVTFhYTFBTDNwblhCVnNidnc?oc=5,Google News RSS,direct,yes,fuel_cost,UAL nombrada. Beat de estimados + plan de recorte de capacidad. Menciona Alaska Air (fuera del universo).
2026-04-21,UAL,United Airlines,United Airlines Cuts 2026 Profit Outlook Due to Rising Fuel Costs - Skift,Skift,https://news.google.com/rss/articles/CBMikgFBVV95cUxNWVd2cTJzQUhFQlBFc00zSC1ZcHNpOEZjOVY0bDhDV2tNWElGZ0V0cm9ZbjJkR29GcTh3WE5XcWgyOHQxREp6QUxtTC1nbHM5SlpEUGRDdm9DUUJvaVFNMzlXS3k4UXBqS3VWOFVEMHVrVU5BbkJZNzM3YXM4b2tINllCTEp3SmQ1WGl0a2hHZ1QtZw?oc=5,Google News RSS,direct,yes,fuel_cost,UAL nombrada. Corte de profit outlook 2026 por rising fuel costs.
2026-04-21,UAL,United Airlines,United Airlines Rallied From Its March Lows. What Q1 Earnings Mean for United Airlines in 2026 - TIKR.com,TIKR.com,https://news.google.com/rss/articles/CBMiuwFBVV95cUxPUFM4Mm9mUF9nOUNxQUR1TGJuU1JhOEk2dV9rLURIZFFMOTNZNkxVRldNc1FoaHBMQzFwc0t1YjdwSVRaQlJjbHN6Um1nT2FRZjdRODRMMUI3Slg4YngwdFAxcTFuMUlHdEYxOVV0Z1o2UExJWFZ4YTFSaHZGTW4xYlo1VUhVSUF2dEhBOFBSUTVhSl9KZmRZZDhzbjFUTE1iRlMtZlh2Nkp5dHI2S1hxZGliNHdzZTRLeHk0?oc=5,Google News RSS,direct,no,irrelevant,"LEAKAGE: ""Rallied From Its March Lows"" refiere explícitamente a apreciación histórica de precio."
2026-04-23,LUV,Southwest Airlines,Southwest Airlines Stock Is Falling. Fuel Prices Threaten Its Guidance. - Barron's,Barron's,https://news.google.com/rss/articles/CBMiiAFBVV95cUxQR1AxWHNGMGdIWm9pNkw2amtxZjJLdmtta0pMR1R1QXZwSVBLUUZfSW9NeFRWR3ZkUHJ3bVRxbnVLbWpMVzRBNFl5eGFWZ3VtZEE2OTdnMXpETTdHR1I4NWxLSHdsaUNXaTJ3b2gyZlpyT0JhcjJ0aFVZMlhXT1R3U2h2bVpoOUJ6?oc=5,Google News RSS,direct,no,irrelevant,"LEAKAGE: ""Stock Is Falling"" describe explícitamente retorno negativo de mercado."
2026-04-22,LUV,Southwest Airlines,Southwest forecasts second-quarter profit below estimates as higher fuel costs bite - Reuters,Reuters,https://news.google.com/rss/articles/CBMivwFBVV95cUxNTGd1cWFzZkMzV3dScUFzT3RtTEVXU2xqRlNNWFpPZ3E5MmtJXzJDTkc4SXBtV1VPREtMTEZYcm5hWkZBWDhmTkM3a29CUXJoQ3NWcXRsVEV0THJQNzlJQlA0ZktlRWNPNFljMGFCZ015MHVXY1lRSmdfMmoxRG5ZNDhjblYzX1V3QS1FanVCYWNabERCdGk4WTVhTnJuVXl6NjdmM3hVY0R3WGhiTU4xSkpkWWF3OW9pQTlEUWFtMA?oc=5,Google News RSS,direct,yes,fuel_cost,LUV nombrada. Forecast Q2 below estimates por fuel costs. Señal negativa cuantificada.
2026-05-19,LUV,Southwest Airlines,"Southwest Airlines stock (US8447411088): record revenue, staff cuts and new debt reshape the outlook - AD HOC NEWS",AD HOC NEWS,https://news.google.com/rss/articles/CBMixAFBVV95cUxQeWwzV0k4dXV3dnRMN2xLaWVQeldQRVRLTG5BSjJ6T01iVmhBUGs2c0hPZktBWXJEejVIN1dsSHNudTcwdkFycWJjLUo4ZGlCSFRZZ2dMRFJJa1pyY3RDS1MyZWk0Y2JOd3FocjVRVGhDaDRub2xMR3FuNHBiLXdDMlBmaEdrY0ptaUxsSENWRDNGNE1ER3JpUVh4SUx5M2R2X2l2TGdNc0wxUE1Nb3Zodk4wa0QzYzBjbkhUajk0QjRoLWpf?oc=5,Google News RSS,direct,yes,earnings,"LUV nombrada. Señales operativas en headline: record revenue, staff cuts, nueva deuda. Sin mención de precio."
2026-04-22,LUV,Southwest Airlines,Southwest Says Full-Year Guidance Is at Risk Due to Surging Fuel Costs - WSJ,WSJ,https://news.google.com/rss/articles/CBMiuAFBVV95cUxOSEotc1pqcmR5bG5QaUVWMkNVR2lzT3NYVGlpM1FuRlF1UEN6Q2xUbl8tWkVQYm55OE54dVgyUW5PWHlmcEdGS3hSWUQyVDBhMFZnWnlJWno2N2ZSZThtWjIxR3BYUGlBWWZsYXdoekQ0alByeWJkbWhObnJWb0FfNzFVUXlnY1Y5cWlOd2Q4VnhvRVEtT2ZldnVWaXZvRG1LWG9GMnlQQlcxUkRQQi12Z08wNzN2UC14?oc=5,Google News RSS,direct,yes,fuel_cost,LUV nombrada. Full-year guidance en riesgo explícito por surging fuel costs.
2026-04-22,LUV,Southwest Airlines,Southwest Airlines forecasts quarterly earnings below estimates on higher fuel - CNBC,CNBC,https://news.google.com/rss/articles/CBMiggFBVV95cUxPb0d2WGRJYmVFZ29CbVFOckJGQWM4ajhXTkl2VE12UVNibmRZZWYydmkxX1p4SXd6azZITUIwdEtVNnhBZ05BTXpramQzVlU3OVByRXlnS1h1R1dYWGMxV0VVbEJfLTNUR1pyU281c3NSUjlzTWJEOGQzUktQSkxlRjZ30gGHAUFVX3lxTE9kVFlVanJtb2R1VmdvZ1VZNVFvcTVZWDB0VEI3V1JOcEM5T0c3dHpGYmhnSXExQXJCT2ttQ0NuWTVmZTRkUTJPZUxCbVRvZEdibmhTSWJuaHVqWk1VajFiSDEya3pDWmY4MDl3MG85VXRhX1V2ZHY4Unh6bUs5R25DcWpSZDk4dw?oc=5,Google News RSS,direct,yes,earnings,LUV nombrada. Forecast trimestral below estimates por higher fuel.
2026-03-17,LUV,Southwest Airlines,"Delta, American Hike Forecasts; Airlines Rally As Demand Outweighs Fuel Spike - Investor's Business Daily",Investor's Business Daily,https://news.google.com/rss/articles/CBMizwFBVV95cUxNZnRYVHQtdTBfN1p6Z3FKZzRlWDBMZ3J6eE16ci1VVnpRSUYtTndvUDh2Vlh5TDdJLTRoam56aEw5dXkxb3R3b0EtTkpZdWRaRl96eTFNbDluV216blc4akRHZE1PY0ozN21nLXBzUmdfT0xnN0lieWVZYW42QWFkTG1rU0M0d1ZpSGRqWEV1T0N3eDBKQVExbEtOeW00Tm96VkpZT2FSZEFVR2E5SnVWRGhBN05iUkZYSnVwQW1NTUhFZFJLcUNPTURwS08zbGM?oc=5,Google News RSS,sector,yes,guidance,"Mismo artículo IBD que row 17 (DAL). Headline nombra DAL y AAL, no LUV. Señal sectorial de guidance."
2026-04-22,LUV,Southwest Airlines,Southwest says 60% of customers upgraded as Q1 revenue set a record - Stock Titan,Stock Titan,https://news.google.com/rss/articles/CBMisAFBVV95cUxOMlJVOEl3TEJvUEMzY3NGRzFMZkt0RU1Fc01lcWVsaldHMHE3Tko4REpWUnlCSkpJeW56NTFDTUhZQTh3UHVYOHhCNmZRWWN6Tm1lQWQza0w5dE9GekxOQi1BaVVZOWVxMHJuSlZoYTctTDFLRGtRd2FJQlhtNEhpME4wUTVBc0ZYblJ5UjBad1gwdmtEMWpHTjZaMWZpak5PaTBWcl9nX2FlUF91ajA2bw?oc=5,Google News RSS,direct,yes,earnings,LUV nombrada. Q1 record revenue + 60% de clientes con upgrade. Señal positiva cuantificada.
2026-04-23,LUV,Southwest Airlines,"Southwest Airlines Earnings Call Shows Turnaround, Fuel Risks - TipRanks",TipRanks,https://news.google.com/rss/articles/CBMisgFBVV95cUxNUGRFU3A0RHdrS2FvSmZqaHpyOEplVVQ3SDdzR1pqaU40UHE3elZVWmJqdlk0cjQ5M1ZDcjhpdDh1b0tIVE5IcEZROEphbXZHVjF6MEM0RGUwMTFpSkI5bGVHUWk5QlZfODIzbWlTeDFtZmJkaHdVTm1PeTJyc3p2M2RleFFSdE44V09sNnAtQlB5UnBFdjAxR3JyZzMydUlRQlg5UVMyUUhLSTFVbnM5ZVB3?oc=5,Google News RSS,direct,yes,earnings,LUV nombrada. Earnings call Q1: señal de turnaround con riesgos de fuel como contrapeso.
2026-04-23,LUV,Southwest Airlines,Southwest Air falls as US airlines grapple with high fuel costs - MSN,MSN,https://news.google.com/rss/articles/CBMiuAFBVV95cUxPWkF6TmtvY2JQSjVaZExBY085eFRWOXhwSTJVTlJFbGVVSU5aVUI2RVc5WWVhWkljN0ZEM2gzT2k0QU82UFRIWm1wMUFxZm1WcVV1d1VjbzByRnNiNFhtWnBNZXA1WGtpTVZVQ0RJN005S0VMLV9hRXB4TFpCbTFvY1FTMVNWWGw4TGFXQ3FMRzJVSmdZSHVLM1RSWTJVYUNtS0FBWnBKdGZfbUZVTTNVXzdqNzlDTkN4?oc=5,Google News RSS,noise,no,irrelevant,"LEAKAGE: ""Southwest Air falls"" es la primera palabra del headline — describe caída de precio."
2026-03-17,LUV,Southwest Airlines,War & $400M Fuel Hits Can’t Stop Delta and American’s Revenue Surge - Simple Flying,Simple Flying,https://news.google.com/rss/articles/CBMilwFBVV95cUxOVXhCdjN4X000ZktPZWZIRlhoaDZQQW92dE1FZ1FJZWVuQVA1d0NZektIekJfTGNjVjRyV0pOZWh1X3VlQXBDNjEtQ0ktMXlJbWhrRlBTcy0wbWJMc19GdEpGRVNLWWIyTEFkU0NSVTh2NS14bjRFU3VYUmhYUjAwMU1BSHlscDFQVzlLTG9lSUNwWDRNcnE4?oc=5,Google News RSS,sector,yes,war_risk,"Mismo artículo Simple Flying que row 18 (DAL). Nombra DAL y AAL, no LUV. Señal sectorial de war_risk."
2026-05-17,JBLU,JetBlue,Is JetBlue (JBLU) Recasting Its Investment Story Around Loyalty And Leisure-Focused Partnerships? - Sahm,Sahm,https://news.google.com/rss/articles/CBMi3wFBVV95cUxPa3JJSUdPRUNUWU1CRHZQbHlVcnFmWFBXdTdvSWt1dG84aDdidmtBT2lkT0NRTEJtVzBzZ2xLZ195LUtIRzhVOXFrMmNQUzR5eTlycXFXZmp2cTFnTTdWUko2bDNaNkt5YjI2TjRYSWRZWE83M3lhR212QmlON2pDMzVHUWJZVlowTlg5Y1lrR2VjQ3BIbmw1aVpPNTBDdkk3ZDBGU1NfMDFhLXRsa0VuRVVBNjV1U2QyTFhuUFAySVBJdjEtUUcwc29QTFZSUE91MEFKYnlwUkZhZHkzQ0RR?oc=5,Google News RSS,direct,yes,guidance,JBLU nombrada. Pregunta analítica sobre cambio de estrategia hacia loyalty y leisure partnerships.
2026-05-15,JBLU,JetBlue,"Airlines tackle fuel cost surge with price hikes, outlook cuts - Reuters",Reuters,https://news.google.com/rss/articles/CBMivAFBVV95cUxPcVFyT1VQMXJxcEpmZmlhSHBuVVRCQ2NNajF3SHV3R1I5Yk9TNUZScUVzZmlCYmt6dXAyREVVRzRLRklvVFVBY3J4aGo1NHUyellvZkNscFRRZlF6QkxyaDFpRVk5eEg5ZGYtTi1UTFJyeHBmdUl0Zk4xWGR5bzE1VnVxLTEzOEFFTE9wZzYyMWNXNUw5MkJRMXhRQjJtUVhMMG1HRGRMMmFJZ0NYUzloNTJOWDBSTk5CRXBVRA?oc=5,Google News RSS,sector,yes,fuel_cost,"Artículo sectorial Reuters: ""Airlines"" plural. Mismo artículo que rows 2 (AAL) y 20 (UAL). JBLU no nombrada."
2026-04-28,JBLU,JetBlue,JetBlue Q1 2026 slides: fuel surge overshadows revenue gains - Investing.com,Investing.com,https://news.google.com/rss/articles/CBMitwFBVV95cUxQUE16dTJ4NHhTLWFXWWRCRGlkelZhT2VsSkNWV1IxdnFtdko2bXNWMFF4TWcxY1A2UEZBY1hnYWdkRnNRVklyMFNkVG5vdEN2UWkxelBWdVQwNWhNaHBPUy1XV29TcmhHVHltckNyVHhrUVNnUHNON1pfcFMyZ0VUYmdRSVhqdDlmVF9wREthbWt5UzVjbUpyQTQ3bEotOU5KT0pPOHNITnIzbDk4d2RHd3RvTldGX2c?oc=5,Google News RSS,direct,yes,earnings,JBLU nombrada. Q1 2026 slides: fuel surge como headwind vs revenue gains como positivo.
2026-03-17,AAL,American Airlines,"Delta, American Airlines Stocks Jump. They Hiked Revenue Guidance Despite Iran War. - Barron's",Barron's,https://news.google.com/rss/articles/CBMijwFBVV95cUxNcjFUY1N0Vk5lVU5SV3Z5VUhZX1l1bHdMclB3X1I4LWJaZU1DMG50WF9ETmd0SUxwaEZ5VHRsT0RxdXNrVnNfdWFHd0UtODZtTG1FT2NtTDdicDRaNTdQNXZISjN3ZDA5dGhKTzlHRGtRZnNDWFYzZWVxN1RicDRmb19kc2VWcnpCZ3BpMWNUSQ?oc=5,Google News RSS,noise,no,irrelevant,"TICKER CORREGIDO JBLU→AAL. Artículo sobre DAL y AAL. LEAKAGE: ""Stocks Jump"" revela retorno de mercado."
2026-03-17,JBLU,JetBlue,"Airlines raise revenue guidance despite rising fuel costs, citing growth in demand - CNBC",CNBC,https://news.google.com/rss/articles/CBMidEFVX3lxTFBDR1V3Q3VsVkNiYzNBcVpKVXFuOWVTVzJ0d3daNGkwZ0tCNUNQLUFBS2NuZ09QVHZoTlM5akVLcWtqNHpqY0p5S3JlLU5DVHF5R05yYlFBVHFLNkliUjhYRTVOS044TkptbjREa3R3bnB2MUV40gF6QVVfeXFMUFdmd3Y4ZmlpTEFKRGE5dFZrYUhYT3NTc3JMQXN3NWNDS3RockpacEdUSDlGdDJjYzljMDA5Mzc4NXJ5UHpuRzNPbTVzN2V3dUw5MmJfMkRpX2V4MFFsQTBNUFUxMU91VlJfazc2aG1fdFJLMnJnTUQyZFE?oc=5,Google News RSS,sector,yes,guidance,"Artículo CNBC sectorial: ""Airlines"" plural. Mismo artículo que rows 5 (AAL) y 13 (DAL). JBLU no nombrada."
2026-03-17,JBLU,JetBlue,War & $400M Fuel Hits Can’t Stop Delta and American’s Revenue Surge - Simple Flying,Simple Flying,https://news.google.com/rss/articles/CBMilwFBVV95cUxOVXhCdjN4X000ZktPZWZIRlhoaDZQQW92dE1FZ1FJZWVuQVA1d0NZektIekJfTGNjVjRyV0pOZWh1X3VlQXBDNjEtQ0ktMXlJbWhrRlBTcy0wbWJMc19GdEpGRVNLWWIyTEFkU0NSVTh2NS14bjRFU3VYUmhYUjAwMU1BSHlscDFQVzlLTG9lSUNwWDRNcnE4?oc=5,Google News RSS,sector,yes,war_risk,"Mismo artículo Simple Flying que rows 18 (DAL) y 39 (LUV). Nombra DAL y AAL, no JBLU."
2026-03-17,JBLU,JetBlue,Airlines Offer Glimpse Into Operations as Middle East Conflict Weighs on Fuel Prices - WSJ,WSJ,https://news.google.com/rss/articles/CBMiwgFBVV95cUxOM0hHSGI1dFIzTUVWZVJIT2pySzhlWnpZN1FkcW1ReFJTVlJWYUc1MExpSnc2cEhpdnk5R21RVXRTQ3d5Mjd4eFlBOVdsSTdyLW9UM0x0TTRSOUFmakVWd1J2Y0R2c291aWY2d2pYRWx2MG1zSHhtS01XZUloT0htWUdRbUpvUjNWWkNNN2xoTjcyNEZOUjE1VzE5a1hiZjhkU20zLTh4ZzdYUFE3RGtQZkdYbVZPNk5KazNWeHhJV01oUQ?oc=5,Google News RSS,sector,yes,war_risk,Artículo sectorial WSJ sobre impacto del conflicto de Medio Oriente en operaciones y fuel. Mismo artículo que row 16 (DAL).
2026-04-28,JBLU,JetBlue,"JetBlue plans capacity cuts, fare hikes as high fuel costs widen quarterly loss - Reuters",Reuters,https://news.google.com/rss/articles/CBMirgFBVV95cUxPR3g3RHpPOUIwblliZmhMaEVkQWtzdnhNQkxrNUZIcHp3MURZaFQxNkVhUk1TRXBlS19yUEdaMmQ5SThWbWlSYkNCckh2SHdROEJhVW85Z0RwOTR6MmprRkctdFFoN0pIWlR6SG4ySW5pc3hIWWRISTBLcWd5dmprbVlYYTVNRGc4cjUtN056ejdaM08yZDRCWG5fWnl5WlR3OGJmTkM4NUpjYS1HbWc?oc=5,Google News RSS,direct,yes,fuel_cost,JBLU nombrada. Recortes de capacidad + alza de tarifas por fuel. Pérdida trimestral ampliada.
2026-04-23,JBLU,JetBlue,JBLU (JetBlue Airways Corporation) reports wider than expected Q4 2025 loss as shares rise more than six percent. - Cost Structure - UBND thành phố Hải Phòng,UBND thành phố Hải Phòng,https://news.google.com/rss/articles/CBMi5gFBVV95cUxOVENaRndpb0EzZFpoSGJ1c1l0Yk14bEhIYXlVbVh5Sng4M1pVcXZ3RG43OGFxN2FZc0dVOE5pU2s5a0l0Y25sZUlxdThxWVlXU0d4WEZrQjZaX2dtYWRCWlpFVHhBc091Zk1yUFluWWR6MTRnOWJtYnBneEdGeHNCNTlWWE05eTFhRlRTWnhmMUd1eHRDaGJkVGpHczJuZjlRVFk3US10TDZxN18wbEt0US1mNDlZOEpJRFRiT3h3MEFOMG5sNXFqcHA5cFdYRG9DMkFpd0NBaFhFMmJ5Nk1yR0ZZbU9WZw?oc=5,Google News RSS,noise,no,irrelevant,"LEAKAGE: ""shares rise more than six percent"" = retorno explícito. Fuente inválida: municipio de Hải Phòng, Vietnam."
2026-01-27,JBLU,JetBlue,JetBlue Airways Q4 Earnings Call Highlights - MarketBeat,MarketBeat,https://news.google.com/rss/articles/CBMingFBVV95cUxPdjV1bmgwT3E5ODBoaVpNNzJFdTdlQlZrS2FsWGdCWEs0WHo5RDRKT2xhSmpUSWpxVWJ6LS1qLTdMTEpMcFhTSWtPSVdLUUhuNThka0o5M01Eb3piTG96cmVudjZuOGdGc2lISUttRk5jMFduQU5Wd2NzWXVlOGdiSFVyZ1NYaUp6RzN4bDJ6WjJ3UTFOckRLdHhsWFJyZw?oc=5,Google News RSS,noise,no,irrelevant,"Headline genérico ""Q4 Earnings Call Highlights"" sin número ni dirección. FinBERT no extrae señal."
2026-05-05,ULCC,Frontier Airlines,Frontier Group (NASDAQ: ULCC) posts Q1 loss but record revenue - Stock Titan,Stock Titan,https://news.google.com/rss/articles/CBMitwFBVV95cUxNVkhyWlVhUzNnSVpnaDNpU0JlbHh3MjFjSVNaWEtDRnBaOU5fOGFwMjVBTW02ZVRUX3lybk93OTJjMDBndnY4eGVuOUdIeExoTk9WOTF3MUpfLWxJbWUyMGtTVEhTMENJdkpCbzFiWG5OQjl5Q09GaVBid1hHajZCY0NGLTBLUzZYS0ZBMXZqLTFzTFRZYVFtd19KZHdfTTlhUER4OXdJNV83MG4yc01hOFNVZkxPa1k?oc=5,Google News RSS,direct,yes,earnings,ULCC nombrada. Q1: pérdida registrada + record revenue. Señal mixta cuantificada con dos direcciones.
2026-03-17,ULCC,Frontier Airlines,Frontier Group updates first quarter loss guidance amid higher fuel costs - Investing.com,Investing.com,https://news.google.com/rss/articles/CBMiyAFBVV95cUxOYzAxcGpZTmw1UkdIakhPREl6NHR0TEFxUkJjYnQ5aFZqYnVBUURqYVowelhHVlF0bGFmaDBLNEVqcFMwRlZHZWRYVlVhMlRrZFI4bHhCcVljYlBrNWRXUDZiYW9FcUlKaF9JSzRsU094MWx2cUY5YmgyZEstLUhzSEJ0bkNMX01hTkJVeWVKTWh0V3FiQnE2XzVkdy00QVIyZmM4MDBPMTE4d1Z0eEo3YWRCWkFDTl9jd056VkZxV2NrUkFncVdkUg?oc=5,Google News RSS,direct,yes,fuel_cost,ULCC nombrada. Actualización de loss guidance Q1 por higher fuel costs. Señal negativa.
2026-03-17,ULCC,Frontier Airlines,"Frontier revises Q1 profit outlook on higher fuel, sees 'significant' revenue performance - MSN",MSN,https://news.google.com/rss/articles/CBMi0gFBVV95cUxOTkVFU3U3SXo5cWxRc3BIb0FkWTIwSEtwa2hSU19KUU9SSGdSSzFvdGJzR2h3aUN2eXEzSTJPOXZQa2l5ci01VXlzcjNuY1poR1hPNmxIbmtaNVZSUTc1QjNiYW8xYmlKTGgxaWwxQmhkUHZ6SHUtY0hiQ3JVMmxmajF3MF9WYVlmY1ptWEpwVkJNMHFPb2dHSzlmSDJmM21RVGxjWWxoWmFEWEtDOXF1NHVyRUFkRTBzaWktX1dqYjkxV3RTUWU4MVNSWVpQZm5walE?oc=5,Google News RSS,direct,yes,fuel_cost,"ULCC nombrada. Revisión de profit outlook Q1 por fuel. Revenue ""significant"" como contrapeso positivo."
2026-03-17,ULCC,Frontier Airlines,Frontier (ULCC) boosts Q1 2026 revenue outlook but faces higher fuel costs - Stock Titan,Stock Titan,https://news.google.com/rss/articles/CBMitwFBVV95cUxNOGc4c2x6ZV9sNXZMNExfb0pRSXZudUFXdVMzWFNXaldndllNdG42NUs5TXZqSi1WOGdteTBrR3ZMNkRLN1FmcTFmWTdaWEVxNzFxRnNxUmNKZWl5QXpDWEhraGpReE9PR2xGdEdlWUExNjNZSEc3amxJRXJETXplZ1FrQ3NfNDgySnZHY01rNDRjVzRhMDhVak1RU1BjZ3ZZN0w5d18zVWQ5YjRtSmZVQXp4NXJ3bGs?oc=5,Google News RSS,direct,yes,fuel_cost,ULCC nombrada. Revenue outlook al alza Q1 (positivo) pero fuel es riesgo explícito (negativo).
2026-03-17,ULCC,Frontier Airlines,Frontier Group Reaffirms Q1 Outlook Amid Fuel Headwinds - TipRanks,TipRanks,https://news.google.com/rss/articles/CBMiqwFBVV95cUxQZk5VVHhuWi1XeVZ1LXhxbHRZRXN3WDFkZWZCT0Q4V01zcDdhTUNLQjBQU01VWVkzS0FDWVBTUDBVRVc1SlhOMzcxMnFTVWhFVDlCUkdGekpXTGpIN2gteUtac0ZCM1N0cVdfQU1WdW1vaVN3NjhGTDd5V2dPc0x6ZUs4X1d3YXV0NndGbU5LLWpKWU5CX3RIZEtMRnB4VWdhMUZZdVhNMlFVczg?oc=5,Google News RSS,direct,yes,guidance,ULCC nombrada. Reafirmación de Q1 outlook ante fuel headwinds. Señal neutra-positiva.
2025-11-05,ULCC,Frontier Airlines,Frontier Airlines Reports Third Quarter 2025 Financial Results - PR Newswire,PR Newswire,https://news.google.com/rss/articles/CBMiugFBVV95cUxPQkstTjhEZ2FZVVVPc2lGbkVRNGNDdTBkQWVLc3BOTk8ybTBGT0RmV3JGS0FlcmRxdTRKOFE0Tkdkai1FbWo3WkJYbUloTmtBUmN6bWFIcVQ5ODRIbEVQbGFpWGRrMXY5bEg2Rk9NXzM3TDFDS0pWY0pwN0ZSV0JINzB1NU1haUFXTDdVc0xMZ2tqTE11dTI5dW9pSnZCZE15VklhbjNpcnE1WVlMV0NBTFI1MGg0VllRcXc?oc=5,Google News RSS,noise,no,irrelevant,"Anuncio genérico PR Newswire: ""Reports Financial Results"" sin número ni dirección. FinBERT no extrae señal."
2025-11-05,ULCC,Frontier Airlines,Earnings call transcript: Frontier Group Holdings Q3 2025 surprises with stock surge - Investing.com,Investing.com,https://news.google.com/rss/articles/CBMi1gFBVV95cUxOYXdJakp5WklaT3JmWThDcFg1bmdaVWpSV2tKQTZTanVyRHZHa0laSzFrOGR2dUxWYXFxZnVBc2FLc1Y1YlNUczRQRGFjdkdvWDE3Y1kwSDM5RjBjcVpobEdFYkpwWVg5dnJDem4tY3BFM3VTRXdGSjZ1SG44VGduZWpjenpPYk12cDFKdlBVTHhhTWY5SVY4MTFyRE9ZLUdNMzRSRkZkLVZ0cVowaE9jS1ZQbEd4S0Z6ZHlHQTJWUGhHS2JkaEU2NWtsTFllM1RreFlQUXBn?oc=5,Google News RSS,noise,no,irrelevant,"LEAKAGE: ""stock surge"" en headline describe movimiento positivo de precio de acción."
2026-05-05,ULCC,Frontier Airlines,"Frontier Airlines Q1 2026 earnings: record revenue, wider loss - qz.com",qz.com,https://news.google.com/rss/articles/CBMiekFVX3lxTE9WbzdXSXMwNkRsbWhXdUFidkJqMHktRlJ3SjlsNFZVbW1WeXlqMzdrMHhkejFHVWxXUGJEWXM4d0pXVEp6RFlVbVpYQnBQQU9WeFExeFQ3cVRaSmhZdXdEQ3pZZXJDeG9uNXJjUTM1SldETThnNWxjbGN3?oc=5,Google News RSS,direct,yes,earnings,ULCC nombrada. Q1 2026: record revenue (positivo) + wider loss (negativo). Señal cuantificada con dos drivers.
2026-03-29,ULCC,Frontier Airlines,Unpacking Q4 Earnings: Frontier (NASDAQ:ULCC) In The Context Of Other Consumer Discretionary - Travel and Vacation Providers Stocks - TradingView,TradingView,https://news.google.com/rss/articles/CBMilgJBVV95cUxOekRKWS1IR21zMFRjdVo1a2FtMm5qTDkxT0FOSzlobFFUejFaaXNxYUVWc053TlJlYll6ZHFuQkxsQ2pLSEwyYWUzRmhtbnJRZ2J2eHBTTzFFQ3VudlRJa0dpLUNEOHI4c1dlZ0drem41NUotSHFoVmZrcERtVXlXa2RILXIzWVBvY1NJdHM0Qno1cWpFV3R5WW9DR0RHYkptQkhsT1pLYndYSS04TlliLVBTZnpwNENmWVJQanM2TDJkWU5zdkMtdHBFeVVESE40SDRnNGJzUUlEbDhFY20xOWtxZTN1dmJnQ3E5Y09HdVIwblIzaEd3aFZqanRDYWxQZ2NWLUZnQTBiVWIxZ3kzQ3FEVlpqZw?oc=5,Google News RSS,indirect,yes,earnings,"ULCC nombrada en análisis comparativo vs sector Consumer Discretionary. Contexto relativo, no noticia directa."
2026-03-18,ULCC,Frontier Airlines,"Frontier Group Holdings, Inc. (ULCC) 8-K Filing Details, Company Information, and NASDAQ Listing - Minichart",Minichart,https://news.google.com/rss/articles/CBMiywFBVV95cUxPckpyd1hpOHdOeWp4MW1oam95NXpFYTFYWVBuQlJRQTJscmNVZE96akpicVRFUV9DYXhWZ1YwRm9nZ1U1cHZYN0FOOTZ6WEtmZ0xDTUt0WTdTVVRud3hvQ0RPWVdGbEM1NXlWNUJxd0Zpb0xBYWFlVGNHUWlxWW1sY3J3NUxHRFp1cWtLRmhkLU1MdHFEemVkTmJmcXBaRThRV0JjanQzQUhNYllVMGo4QVdFcnVhdG4zRWU2ZHRoSUpZaHZRNnFKZHg1NA?oc=5,Google News RSS,noise,no,irrelevant,Ficha técnica 8-K sobre detalles de listing en NASDAQ. Sin contenido de señal financiera para el modelo.
